apparent,
0.0, 
0.0, 
0.0, 
0.0, 
0.0, 
0.0, 
0.0, 
0.0, 
1.10592, 
1.4745599999999999, 
1.4745599999999999, 
0.7372799999999999, 
0.36863999999999997, 
0.7372799999999999, 
0.36863999999999997, 
1.10592, 
0.36863999999999997, 
0.36863999999999997, 
261.7344, 
1028.1369599999998, 
1175.59296, 
1044.3571200000001, 
897.26976, 
797.73696, 
739.8604799999999, 
704.47104, 
686.03904, 
673.50528, 
667.2384, 
660.6028799999999, 
659.8656000000001, 
657.2851199999999, 
656.5478400000001, 
655.4419199999999, 
654.7046399999999, 
653.5987200000001, 
651.7555199999999, 
652.86144, 
650.6496, 
652.86144, 
652.4928, 
652.12416, 
652.12416, 
651.7555199999999, 
651.38688, 
650.6496, 
648.8063999999999, 
649.9123199999999, 
647.33184, 
646.9631999999999, 
