apparent,
641.8022400000001, 
641.8022400000001, 
641.4336, 
640.6963199999999, 
640.6963199999999, 
640.32768, 
641.8022400000001, 
647.33184, 
645.12, 
645.12, 
645.4886399999999, 
645.4886399999999, 
645.12, 
644.75136, 
644.3827200000001, 
644.3827200000001, 
644.01408, 
644.01408, 
644.01408, 
644.01408, 
644.3827200000001, 
646.22592, 
644.75136, 
645.4886399999999, 
644.3827200000001, 
645.85728, 
644.01408, 
4.05504, 
25.43616, 
30.228479999999998, 
33.91488, 
26.17344, 
15.85152, 
10.321919999999999, 
5.529599999999999, 
2.9491199999999997, 
1.4745599999999999, 
1.10592, 
0.7372799999999999, 
0.36863999999999997, 
0.7372799999999999, 
0.36863999999999997, 
0.36863999999999997, 
0.36863999999999997, 
0.0, 
0.0, 
1.10592, 
0.7372799999999999, 
0.36863999999999997, 
0.0, 
