apparent,
0.0, 
0.0, 
0.0, 
0.0, 
0.0, 
0.0, 
0.0, 
0.0, 
0.0, 
0.7372799999999999, 
1.4745599999999999, 
0.7372799999999999, 
1.10592, 
0.36863999999999997, 
1.10592, 
0.36863999999999997, 
0.7372799999999999, 
0.36863999999999997, 
1.10592, 
0.7372799999999999, 
1.10592, 
357.21216, 
1069.0560, 
1157.16096, 
1018.55232, 
876.25728, 
784.83456, 
731.7504, 
699.31008, 
678.2975999999999, 
667.60704, 
662.4460799999999, 
657.65376, 
655.07328, 
672.39936, 
651.38688, 
648.8063999999999, 
649.54368, 
647.33184, 
647.33184, 
648.4377599999999, 
646.9631999999999, 
647.70048, 
646.59456, 
647.70048, 
646.22592, 
647.70048, 
645.85728, 
646.59456, 
645.12, 
