apparent,
658.39104, 
658.39104, 
636.6412799999999, 
636.27264, 
636.27264, 
636.27264, 
637.7472, 
644.3827200000001, 
642.5395199999999, 
644.3827200000001, 
642.17088, 
643.6454399999999, 
641.8022400000001, 
643.6454399999999, 
642.17088, 
644.75136, 
644.3827200000001, 
641.8022400000001, 
644.01408, 
641.4336, 
643.2768, 
642.17088, 
643.6454399999999, 
642.17088, 
644.3827200000001, 
642.17088, 
643.6454399999999, 
582.08256, 
362.74176, 
196.85375999999997, 
103.58784, 
54.55872, 
28.38528, 
15.114239999999999, 
7.74144, 
4.05504, 
2.5804799999999997, 
1.8431999999999997, 
0.7372799999999999, 
0.7372799999999999, 
0.7372799999999999, 
0.7372799999999999, 
0.36863999999999997, 
1.10592, 
0.36863999999999997, 
0.36863999999999997, 
0.7372799999999999, 
0.7372799999999999, 
0.36863999999999997, 
0.36863999999999997, 
