apparent,
0.0, 
0.0, 
0.0, 
0.0, 
0.0, 
0.0, 
0.0, 
0.0, 
0.7372799999999999, 
1.4745599999999999, 
1.10592, 
1.10592, 
0.7372799999999999, 
0.36863999999999997, 
0.7372799999999999, 
0.7372799999999999, 
0.7372799999999999, 
0.7372799999999999, 
0.7372799999999999, 
275.00544, 
1653.71904, 
1606.5331199999998, 
1257.4310400000002, 
997.53984, 
842.3424, 
757.9238399999999, 
711.4752, 
684.93312, 
669.4502399999999, 
659.49696, 
653.5987200000001, 
649.54368, 
648.0691199999999, 
645.12, 
644.3827200000001, 
643.2768, 
642.9081599999998, 
642.9081599999998, 
642.5395199999999, 
642.5395199999999, 
642.17088, 
642.17088, 
642.17088, 
641.8022400000001, 
641.8022400000001, 
642.9081599999998, 
642.9081599999998, 
641.4336, 
642.5395199999999, 
641.4336, 
