apparent,
0.0, 
0.0, 
0.0, 
0.0, 
0.0, 
0.7372799999999999, 
1.10592, 
1.8431999999999997, 
1.8431999999999997, 
1.4745599999999999, 
1.10592, 
0.7372799999999999, 
0.36863999999999997, 
1.10592, 
0.7372799999999999, 
0.7372799999999999, 
0.0, 
370.4832, 
1680.9984, 
1575.9360, 
1233.83808, 
980.5823999999999, 
835.70688, 
755.7120, 
710.0006400000001, 
684.93312, 
668.34432, 
660.9715199999999, 
653.5987200000001, 
651.7555199999999, 
647.33184, 
645.85728, 
645.85728, 
645.12, 
644.3827200000001, 
643.6454399999999, 
643.6454399999999, 
643.2768, 
643.2768, 
642.17088, 
642.5395199999999, 
642.5395199999999, 
642.5395199999999, 
642.5395199999999, 
641.8022400000001, 
641.8022400000001, 
642.17088, 
641.8022400000001, 
642.17088, 
641.8022400000001, 
