apparent,
632.2176, 
632.2176, 
631.48032, 
631.84896, 
631.48032, 
631.84896, 
634.0608, 
639.5904, 
637.7472, 
639.22176, 
637.7472, 
638.85312, 
637.3785599999999, 
638.85312, 
637.3785599999999, 
638.85312, 
636.6412799999999, 
638.85312, 
637.7472, 
638.85312, 
636.6412799999999, 
624.47616, 
441.26208, 
246.62016, 
130.8672, 
68.93567999999999, 
36.12672, 
18.800639999999998, 
9.95328, 
5.160959999999999, 
2.9491199999999997, 
1.4745599999999999, 
1.10592, 
1.10592, 
1.10592, 
0.7372799999999999, 
0.7372799999999999, 
0.7372799999999999, 
0.7372799999999999, 
0.36863999999999997, 
0.0, 
1.4745599999999999, 
1.10592, 
1.10592, 
1.10592, 
0.7372799999999999, 
1.10592, 
0.7372799999999999, 
0.0, 
0.7372799999999999, 
