apparent,
0.0, 
0.0, 
0.0, 
0.0, 
0.0, 
0.0, 
0.0, 
0.0, 
0.7372799999999999, 
1.8431999999999997, 
1.10592, 
1.10592, 
0.7372799999999999, 
0.0, 
0.7372799999999999, 
0.7372799999999999, 
0.0, 
0.7372799999999999, 
1.10592, 
70.77888, 
1489.6742399999998, 
1669.57056, 
1322.68032, 
1041.4080000000001, 
866.67264, 
772.3008, 
721.4284799999999, 
689.7254399999999, 
673.1366399999999, 
664.28928, 
655.81056, 
652.86144, 
649.1750399999999, 
649.54368, 
646.59456, 
646.9631999999999, 
644.3827200000001, 
644.01408, 
643.2768, 
644.01408, 
645.4886399999999, 
642.5395199999999, 
643.2768, 
644.01408, 
641.8022400000001, 
643.2768, 
641.06496, 
641.4336, 
642.9081599999998, 
641.8022400000001, 
