apparent,
687.5135999999999, 
687.5135999999999, 
637.00992, 
636.6412799999999, 
636.6412799999999, 
636.27264, 
637.7472, 
642.9081599999998, 
641.4336, 
643.2768, 
642.5395199999999, 
641.06496, 
644.01408, 
644.01408, 
644.75136, 
644.01408, 
641.8022400000001, 
642.9081599999998, 
642.9081599999998, 
643.6454399999999, 
642.9081599999998, 
641.06496, 
613.4169599999999, 
408.08448000000004, 
224.13312, 
118.33344, 
62.300160000000005, 
32.44032, 
16.95744, 
8.84736, 
4.792319999999999, 
2.5804799999999997, 
1.4745599999999999, 
0.7372799999999999, 
0.7372799999999999, 
0.7372799999999999, 
0.7372799999999999, 
0.7372799999999999, 
0.36863999999999997, 
0.36863999999999997, 
0.0, 
0.36863999999999997, 
1.10592, 
0.0, 
0.36863999999999997, 
0.0, 
0.0, 
0.0, 
0.7372799999999999, 
1.10592, 
