apparent,
1825.50528, 
1825.50528, 
1823.2934400000001, 
1822.5561599999999, 
1822.5561599999999, 
1822.9248, 
1822.5561599999999, 
1825.8739199999998, 
1838.77632, 
1843.2, 
1837.3017600000003, 
1839.1449599999999, 
1840.6195199999997, 
1824.3993600000001, 
1823.6620799999998, 
1823.2934400000001, 
1822.9248, 
1822.9248, 
1822.5561599999999, 
1826.9798399999997, 
1842.46272, 
1839.1449599999999, 
1843.2, 
1839.5135999999998, 
1580.72832, 
939.6633600000001, 
507.98591999999996, 
267.2640, 
140.08319999999998, 
73.7280, 
38.7072, 
20.275199999999998, 
11.059199999999999, 
5.529599999999999, 
2.9491199999999997, 
2.5804799999999997, 
1.8431999999999997, 
1.10592, 
1.10592, 
1.10592, 
0.7372799999999999, 
0.7372799999999999, 
0.7372799999999999, 
0.7372799999999999, 
0.7372799999999999, 
1.10592, 
0.36863999999999997, 
0.7372799999999999, 
0.0, 
0.0, 
