apparent,
1825.13664, 
1825.13664, 
1823.2934400000001, 
1822.18752, 
1822.5561599999999, 
1822.5561599999999, 
1827.71712, 
1843.9372799999996, 
1838.4076799999998, 
1839.1449599999999, 
1838.4076799999998, 
1838.77632, 
1838.4076799999998, 
1839.88224, 
1845.0432, 
1838.77632, 
1843.9372799999996, 
1840.25088, 
1844.3059199999998, 
1838.77632, 
1840.25088, 
1844.3059199999998, 
1838.4076799999998, 
1838.0390399999999, 
1837.3017600000003, 
1839.1449599999999, 
1843.2, 
1836.9331200000001, 
1837.3017600000003, 
1839.1449599999999, 
1843.2, 
1839.1449599999999, 
1832.1408, 
1415.5775999999998, 
811.0079999999999, 
432.41472, 
227.81951999999998, 
119.07072, 
62.300160000000005, 
32.80896, 
16.95744, 
9.2160, 
5.160959999999999, 
3.31776, 
2.21184, 
1.8431999999999997, 
1.10592, 
0.36863999999999997, 
0.36863999999999997, 
0.36863999999999997, 
