apparent,
1989.5500799999998, 
1977.0163199999997, 
1925.0380799999998, 
1880.80128, 
1859.7888, 
1989.5500799999998, 
1977.0163199999997, 
1925.0380799999998, 
1880.80128, 
1859.7888, 
1850.9414399999998, 
1849.09824, 
1848.36096, 
1846.51776, 
1845.78048, 
1845.78048, 
1822.5561599999999, 
1345.5359999999998, 
759.02976, 
404.39808, 
212.70528, 
111.69792000000001, 
57.876479999999994, 
30.228479999999998, 
15.48288, 
8.11008, 
3.6863999999999995, 
1.8431999999999997, 
0.7372799999999999, 
0.0, 
0.0, 
0.0, 
0.0, 
0.0, 
0.7372799999999999, 
0.0, 
0.0, 
0.0, 
0.0, 
0.0, 
0.0, 
0.36863999999999997, 
0.0, 
0.0, 
1.4745599999999999, 
1.8431999999999997, 
0.7372799999999999, 
0.7372799999999999, 
0.36863999999999997, 
0.36863999999999997, 
