apparent,
0.0, 
0.0, 
0.0, 
0.0, 
0.0, 
0.0, 
0.0, 
0.0, 
0.0, 
1.8431999999999997, 
1.4745599999999999, 
1.4745599999999999, 
0.7372799999999999, 
0.36863999999999997, 
0.0, 
0.36863999999999997, 
0.7372799999999999, 
1.10592, 
0.36863999999999997, 
0.0, 
0.36863999999999997, 
17.326079999999997, 
449.00352, 
707.7887999999999, 
775.61856, 
796.63104, 
800.31744, 
804.00384, 
802.16064, 
804.7411199999999, 
802.52928, 
804.7411199999999, 
802.52928, 
805.1097599999999, 
802.89792, 
805.1097599999999, 
802.52928, 
804.7411199999999, 
802.52928, 
805.1097599999999, 
804.7411199999999, 
802.16064, 
805.4783999999999, 
805.4783999999999, 
805.4783999999999, 
832.7577599999998, 
813.95712, 
802.89792, 
805.1097599999999, 
803.2665599999999, 
