apparent,
795.1564800000001, 
795.1564800000001, 
794.4192, 
794.05056, 
794.05056, 
794.4192, 
796.2624, 
803.2665599999999, 
801.7919999999999, 
803.6352, 
801.7919999999999, 
802.89792, 
800.6860800000001, 
802.52928, 
800.31744, 
802.52928, 
800.31744, 
802.52928, 
800.6860800000001, 
801.7919999999999, 
800.31744, 
802.52928, 
800.6860800000001, 
802.16064, 
800.6860800000001, 
802.89792, 
801.05472, 
802.89792, 
795.52512, 
608.6246399999999, 
345.78432, 
185.05728, 
96.95232, 
50.87232, 
26.54208, 
13.63968, 
7.00416, 
3.6863999999999995, 
2.21184, 
1.10592, 
0.7372799999999999, 
1.10592, 
0.7372799999999999, 
0.36863999999999997, 
0.0, 
0.0, 
0.0, 
0.7372799999999999, 
0.36863999999999997, 
1.10592, 
