apparent,
793.6819199999999, 
793.6819199999999, 
792.9446399999998, 
792.5759999999999, 
792.9446399999998, 
792.9446399999998, 
792.9446399999998, 
795.1564800000001, 
803.2665599999999, 
802.89792, 
802.52928, 
802.16064, 
800.6860800000001, 
799.58016, 
802.16064, 
802.52928, 
802.16064, 
802.16064, 
802.16064, 
802.16064, 
805.4783999999999, 
802.52928, 
802.16064, 
802.16064, 
799.9487999999999, 
742.07232, 
470.75327999999996, 
255.46752, 
134.92224, 
70.77888, 
37.23264, 
19.53792, 
9.95328, 
5.529599999999999, 
2.5804799999999997, 
2.21184, 
1.4745599999999999, 
0.7372799999999999, 
0.7372799999999999, 
0.7372799999999999, 
1.10592, 
1.10592, 
0.7372799999999999, 
0.36863999999999997, 
0.36863999999999997, 
0.0, 
0.36863999999999997, 
1.10592, 
0.7372799999999999, 
0.36863999999999997, 
