apparent,
0.0, 
0.0, 
0.0, 
0.0, 
0.0, 
0.0, 
0.0, 
0.0, 
1.8431999999999997, 
1.8431999999999997, 
0.7372799999999999, 
0.36863999999999997, 
0.0, 
0.0, 
0.0, 
0.0, 
0.0, 
59.35104, 
381.91104, 
628.8998399999999, 
740.22912, 
779.6736, 
796.2624, 
798.47424, 
801.42336, 
799.9487999999999, 
800.31744, 
802.52928, 
799.9487999999999, 
801.42336, 
800.31744, 
801.7919999999999, 
800.6860800000001, 
802.89792, 
801.05472, 
803.2665599999999, 
801.05472, 
802.89792, 
801.05472, 
802.52928, 
800.6860800000001, 
802.16064, 
800.31744, 
802.16064, 
799.9487999999999, 
802.52928, 
800.31744, 
802.52928, 
800.31744, 
802.16064, 
