apparent,
0.0, 
0.0, 
0.0, 
0.0, 
0.0, 
0.0, 
0.0, 
0.7372799999999999, 
1.8431999999999997, 
1.10592, 
1.10592, 
1.10592, 
0.7372799999999999, 
1.10592, 
0.7372799999999999, 
1.10592, 
0.36863999999999997, 
0.7372799999999999, 
0.7372799999999999, 
191.32416, 
228.55679999999998, 
185.05728, 
163.30751999999998, 
155.93472, 
154.09151999999997, 
153.35423999999998, 
152.9856, 
152.9856, 
152.9856, 
152.61696, 
152.24832, 
152.61696, 
152.24832, 
152.24832, 
152.61696, 
152.24832, 
152.61696, 
152.61696, 
152.61696, 
152.9856, 
152.24832, 
152.61696, 
152.24832, 
152.61696, 
152.24832, 
152.61696, 
152.24832, 
152.61696, 
152.61696, 
152.61696, 
