apparent,
151.51104, 
151.51104, 
151.14239999999998, 
151.14239999999998, 
151.14239999999998, 
151.51104, 
151.51104, 
152.9856, 
152.61696, 
152.9856, 
152.61696, 
153.35423999999998, 
152.9856, 
152.9856, 
152.61696, 
152.61696, 
152.61696, 
152.9856, 
152.9856, 
152.9856, 
152.61696, 
152.9856, 
149.2992, 
106.9056, 
59.71967999999999, 
31.334400000000002, 
16.5888, 
8.84736, 
4.05504, 
2.9491199999999997, 
1.4745599999999999, 
1.4745599999999999, 
1.8431999999999997, 
2.21184, 
1.10592, 
1.10592, 
0.7372799999999999, 
0.7372799999999999, 
0.7372799999999999, 
0.36863999999999997, 
0.36863999999999997, 
0.36863999999999997, 
0.7372799999999999, 
0.0, 
0.36863999999999997, 
0.36863999999999997, 
0.7372799999999999, 
0.7372799999999999, 
0.7372799999999999, 
0.36863999999999997, 
