apparent,
0.0, 
0.0, 
0.0, 
0.0, 
0.0, 
0.0, 
0.0, 
0.0, 
1.4745599999999999, 
1.4745599999999999, 
1.4745599999999999, 
1.10592, 
0.36863999999999997, 
0.0, 
0.0, 
35.75808, 
242.56512, 
213.44256000000001, 
175.84127999999998, 
160.72703999999996, 
155.19744, 
153.72287999999998, 
153.35423999999998, 
152.9856, 
152.9856, 
153.35423999999998, 
152.9856, 
152.9856, 
152.9856, 
153.35423999999998, 
152.61696, 
153.35423999999998, 
152.61696, 
153.35423999999998, 
152.9856, 
152.9856, 
152.9856, 
152.9856, 
152.9856, 
152.9856, 
153.35423999999998, 
153.35423999999998, 
152.9856, 
153.72287999999998, 
153.72287999999998, 
153.35423999999998, 
154.09151999999997, 
153.72287999999998, 
152.9856, 
153.72287999999998, 
