apparent,
0.0, 
0.0, 
0.0, 
0.0, 
0.0, 
0.0, 
0.0, 
0.0, 
0.0, 
1.10592, 
1.10592, 
1.4745599999999999, 
1.8431999999999997, 
69.67296, 
245.14559999999997, 
205.70111999999997, 
172.15488, 
159.62112, 
155.19744, 
154.09151999999997, 
153.72287999999998, 
153.35423999999998, 
153.35423999999998, 
153.72287999999998, 
152.9856, 
153.35423999999998, 
152.61696, 
153.35423999999998, 
152.24832, 
152.9856, 
153.35423999999998, 
152.9856, 
153.72287999999998, 
153.35423999999998, 
153.35423999999998, 
153.35423999999998, 
153.72287999999998, 
152.9856, 
153.35423999999998, 
152.9856, 
153.72287999999998, 
152.9856, 
153.72287999999998, 
153.35423999999998, 
153.72287999999998, 
152.9856, 
153.72287999999998, 
152.9856, 
153.35423999999998, 
152.9856, 
