apparent,
151.87968, 
151.87968, 
151.51104, 
151.87968, 
151.87968, 
151.51104, 
155.56608, 
157.40927999999997, 
152.9856, 
153.35423999999998, 
153.35423999999998, 
153.72287999999998, 
153.35423999999998, 
153.72287999999998, 
152.61696, 
153.72287999999998, 
152.9856, 
153.72287999999998, 
153.35423999999998, 
130.8672, 
77.4144, 
41.656319999999994, 
21.74976, 
11.42784, 
5.8982399999999995, 
3.31776, 
1.8431999999999997, 
0.7372799999999999, 
0.7372799999999999, 
0.36863999999999997, 
0.36863999999999997, 
0.36863999999999997, 
0.7372799999999999, 
0.7372799999999999, 
0.7372799999999999, 
0.7372799999999999, 
0.7372799999999999, 
0.36863999999999997, 
0.7372799999999999, 
1.10592, 
0.7372799999999999, 
0.7372799999999999, 
0.36863999999999997, 
0.0, 
0.7372799999999999, 
0.7372799999999999, 
1.10592, 
0.36863999999999997, 
0.7372799999999999, 
0.7372799999999999, 
