apparent,
162.57024, 
163.30751999999998, 
160.3584, 
156.30336, 
154.46015999999997, 
162.57024, 
163.30751999999998, 
160.3584, 
156.30336, 
154.46015999999997, 
154.09151999999997, 
153.35423999999998, 
152.9856, 
153.35423999999998, 
152.61696, 
153.35423999999998, 
152.61696, 
153.35423999999998, 
152.9856, 
152.9856, 
152.9856, 
153.35423999999998, 
152.9856, 
152.9856, 
139.71455999999998, 
87.73632, 
47.185919999999996, 
25.06752, 
12.902399999999998, 
7.00416, 
3.6863999999999995, 
2.21184, 
1.10592, 
0.7372799999999999, 
0.7372799999999999, 
0.7372799999999999, 
0.7372799999999999, 
0.36863999999999997, 
1.10592, 
0.7372799999999999, 
0.7372799999999999, 
1.10592, 
0.7372799999999999, 
0.36863999999999997, 
0.7372799999999999, 
0.0, 
0.0, 
0.0, 
0.0, 
0.0, 
