apparent,
151.14239999999998, 
151.14239999999998, 
151.51104, 
151.14239999999998, 
151.51104, 
151.14239999999998, 
151.51104, 
151.51104, 
152.9856, 
152.24832, 
152.9856, 
152.61696, 
152.61696, 
152.61696, 
152.9856, 
152.61696, 
152.9856, 
152.24832, 
152.61696, 
152.61696, 
152.61696, 
152.61696, 
152.61696, 
149.66783999999998, 
106.16832, 
59.35104, 
31.70304, 
16.5888, 
8.84736, 
4.792319999999999, 
2.21184, 
1.4745599999999999, 
0.7372799999999999, 
1.10592, 
0.7372799999999999, 
0.7372799999999999, 
0.0, 
0.7372799999999999, 
0.36863999999999997, 
0.0, 
0.36863999999999997, 
0.7372799999999999, 
0.7372799999999999, 
0.7372799999999999, 
0.7372799999999999, 
0.7372799999999999, 
0.7372799999999999, 
0.7372799999999999, 
0.36863999999999997, 
0.7372799999999999, 
