apparent,
151.51104, 
151.51104, 
151.51104, 
151.51104, 
151.14239999999998, 
151.51104, 
151.51104, 
153.35423999999998, 
152.9856, 
153.72287999999998, 
152.9856, 
153.35423999999998, 
152.9856, 
153.35423999999998, 
152.61696, 
152.61696, 
152.9856, 
152.9856, 
152.9856, 
152.9856, 
152.9856, 
152.9856, 
152.61696, 
152.61696, 
152.9856, 
153.35423999999998, 
152.24832, 
117.59615999999998, 
66.72384, 
35.75808, 
18432, 
9.95328, 
5.160959999999999, 
2.9491199999999997, 
1.8431999999999997, 
0.7372799999999999, 
0.7372799999999999, 
0.7372799999999999, 
1.10592, 
0.36863999999999997, 
0.7372799999999999, 
0.36863999999999997, 
0.7372799999999999, 
0.36863999999999997, 
0.7372799999999999, 
0.36863999999999997, 
0.7372799999999999, 
0.36863999999999997, 
0.7372799999999999, 
0.36863999999999997, 
