apparent,
0.0, 
0.36863999999999997, 
0.0, 
0.0, 
0.0, 
0.0, 
0.0, 
0.0, 
1.8431999999999997, 
1.8431999999999997, 
1.10592, 
9.2160, 
29.12256, 
34.652159999999995, 
36.8640, 
38.338559999999994, 
37.96992, 
37.601279999999996, 
37.23264, 
37.23264, 
36.8640, 
37.23264, 
36.8640, 
37.23264, 
36.8640, 
36.8640, 
36.8640, 
37.23264, 
36.49536, 
36.8640, 
36.8640, 
36.8640, 
36.49536, 
36.49536, 
36.8640, 
36.49536, 
36.8640, 
36.49536, 
36.49536, 
36.49536, 
36.8640, 
36.49536, 
36.49536, 
36.12672, 
36.49536, 
36.12672, 
36.49536, 
36.12672, 
36.49536, 
36.49536, 
