apparent,
35.020799999999994, 
35.020799999999994, 
35.020799999999994, 
34.652159999999995, 
35.020799999999994, 
34.652159999999995, 
35.75808, 
35.38944, 
35.38944, 
35.75808, 
35.38944, 
35.020799999999994, 
35.38944, 
35.38944, 
35.020799999999994, 
35.38944, 
35.38944, 
35.75808, 
35.38944, 
35.020799999999994, 
35.38944, 
11.42784, 
11.42784, 
33.1776, 
29.491199999999996, 
19.90656, 
12.53376, 
6.63552, 
4.05504, 
2.9491199999999997, 
1.4745599999999999, 
1.10592, 
0.36863999999999997, 
0.7372799999999999, 
0.36863999999999997, 
1.10592, 
0.36863999999999997, 
0.36863999999999997, 
0.36863999999999997, 
0.0, 
0.0, 
0.0, 
1.10592, 
0.7372799999999999, 
0.0, 
0.36863999999999997, 
0.7372799999999999, 
0.7372799999999999, 
0.7372799999999999, 
0.0, 
