apparent,
34.652159999999995, 
34.652159999999995, 
34.652159999999995, 
35.020799999999994, 
34.652159999999995, 
34.652159999999995, 
35.75808, 
35.38944, 
35.020799999999994, 
35.020799999999994, 
35.020799999999994, 
35.020799999999994, 
35.38944, 
35.020799999999994, 
35.38944, 
35.020799999999994, 
35.020799999999994, 
35.020799999999994, 
35.020799999999994, 
35.020799999999994, 
35.020799999999994, 
35.020799999999994, 
35.020799999999994, 
35.020799999999994, 
34.652159999999995, 
25.43616, 
14.37696, 
7.74144, 
4.05504, 
2.21184, 
0.7372799999999999, 
0.7372799999999999, 
0.7372799999999999, 
0.36863999999999997, 
0.7372799999999999, 
0.7372799999999999, 
0.7372799999999999, 
0.7372799999999999, 
0.7372799999999999, 
0.36863999999999997, 
0.7372799999999999, 
0.0, 
0.7372799999999999, 
0.0, 
0.0, 
0.7372799999999999, 
0.7372799999999999, 
1.10592, 
0.7372799999999999, 
0.36863999999999997, 
