apparent,
0.0, 
0.0, 
0.0, 
0.0, 
0.0, 
0.0, 
0.0, 
0.0, 
0.7372799999999999, 
1.10592, 
1.10592, 
0.36863999999999997, 
0.7372799999999999, 
1.10592, 
0.7372799999999999, 
0.7372799999999999, 
0.7372799999999999, 
0.36863999999999997, 
0.36863999999999997, 
0.7372799999999999, 
0.7372799999999999, 
0.36863999999999997, 
18.4320, 
32.07168, 
35.75808, 
36.49536, 
36.49536, 
37.23264, 
36.49536, 
37.23264, 
36.8640, 
36.8640, 
36.8640, 
36.8640, 
36.8640, 
36.8640, 
36.8640, 
36.49536, 
36.49536, 
36.49536, 
36.49536, 
36.49536, 
36.49536, 
36.8640, 
36.49536, 
36.49536, 
36.49536, 
36.49536, 
36.12672, 
36.12672, 
