apparent,
34.652159999999995, 
34.652159999999995, 
34.283519999999996, 
34.283519999999996, 
34.283519999999996, 
34.283519999999996, 
35.38944, 
36.49536, 
34.652159999999995, 
34.652159999999995, 
34.652159999999995, 
34.652159999999995, 
34.652159999999995, 
35.020799999999994, 
35.020799999999994, 
35.020799999999994, 
34.652159999999995, 
34.652159999999995, 
34.652159999999995, 
14.00832, 
25.804799999999997, 
34.652159999999995, 
29.12256, 
19.90656, 
12.53376, 
6.63552, 
4.05504, 
2.21184, 
1.4745599999999999, 
1.10592, 
0.36863999999999997, 
0.36863999999999997, 
0.0, 
1.10592, 
0.7372799999999999, 
1.10592, 
0.0, 
0.7372799999999999, 
0.0, 
0.7372799999999999, 
0.0, 
0.0, 
0.7372799999999999, 
1.10592, 
0.7372799999999999, 
0.36863999999999997, 
0.36863999999999997, 
0.7372799999999999, 
0.36863999999999997, 
0.7372799999999999, 
