apparent,
34.652159999999995, 
34.652159999999995, 
34.652159999999995, 
34.283519999999996, 
34.652159999999995, 
34.652159999999995, 
35.75808, 
36.49536, 
35.75808, 
35.020799999999994, 
35.38944, 
35.020799999999994, 
35.020799999999994, 
34.652159999999995, 
35.020799999999994, 
35.020799999999994, 
34.652159999999995, 
34.652159999999995, 
35.020799999999994, 
35.020799999999994, 
35.020799999999994, 
35.020799999999994, 
4.792319999999999, 
16.95744, 
29.491199999999996, 
32.07168, 
23.9616, 
15.114239999999999, 
8.84736, 
5.529599999999999, 
2.9491199999999997, 
1.8431999999999997, 
0.7372799999999999, 
0.36863999999999997, 
0.0, 
0.36863999999999997, 
1.10592, 
0.7372799999999999, 
0.36863999999999997, 
0.7372799999999999, 
0.36863999999999997, 
0.36863999999999997, 
0.0, 
0.0, 
0.0, 
0.36863999999999997, 
0.7372799999999999, 
0.7372799999999999, 
0.36863999999999997, 
0.0, 
