apparent,
0.0, 
0.0, 
0.0, 
0.0, 
0.0, 
0.0, 
0.0, 
0.0, 
0.7372799999999999, 
1.10592, 
0.7372799999999999, 
1.4745599999999999, 
20.275199999999998, 
32.07168, 
35.75808, 
36.49536, 
37.23264, 
36.8640, 
37.23264, 
37.23264, 
36.8640, 
37.23264, 
36.49536, 
36.8640, 
36.8640, 
36.49536, 
36.8640, 
36.8640, 
36.8640, 
36.8640, 
36.49536, 
36.49536, 
36.49536, 
36.49536, 
36.49536, 
36.49536, 
36.49536, 
36.49536, 
36.49536, 
36.49536, 
36.49536, 
36.12672, 
36.49536, 
36.49536, 
36.12672, 
37.601279999999996, 
38.7072, 
37.601279999999996, 
36.12672, 
36.12672, 
