apparent,
0.0, 
0.0, 
0.0, 
0.0, 
0.0, 
0.0, 
0.0, 
0.0, 
0.0, 
0.36863999999999997, 
1.10592, 
1.10592, 
1.10592, 
1.10592, 
0.7372799999999999, 
0.7372799999999999, 
0.36863999999999997, 
0.0, 
6.26688, 
26.54208, 
34.283519999999996, 
35.75808, 
36.8640, 
36.8640, 
36.8640, 
36.8640, 
36.8640, 
36.8640, 
36.49536, 
36.8640, 
36.49536, 
36.8640, 
36.49536, 
36.49536, 
36.8640, 
36.49536, 
36.49536, 
36.12672, 
36.49536, 
36.12672, 
36.49536, 
36.12672, 
36.49536, 
36.12672, 
36.49536, 
36.12672, 
36.12672, 
36.12672, 
36.12672, 
35.75808, 
