apparent,
34.283519999999996, 
34.283519999999996, 
34.283519999999996, 
33.91488, 
34.283519999999996, 
33.54624, 
33.91488, 
34.652159999999995, 
34.652159999999995, 
34.652159999999995, 
34.652159999999995, 
34.652159999999995, 
34.283519999999996, 
34.652159999999995, 
34.283519999999996, 
34.652159999999995, 
34.283519999999996, 
34.652159999999995, 
34.283519999999996, 
34.652159999999995, 
26.17344, 
15.48288, 
8.11008, 
4.05504, 
2.5804799999999997, 
1.10592, 
0.7372799999999999, 
0.0, 
0.36863999999999997, 
1.10592, 
1.10592, 
0.7372799999999999, 
0.36863999999999997, 
0.36863999999999997, 
0.0, 
0.0, 
0.0, 
0.0, 
0.0, 
0.0, 
0.0, 
0.0, 
1.4745599999999999, 
1.10592, 
1.10592, 
1.4745599999999999, 
2.21184, 
1.4745599999999999, 
1.4745599999999999, 
1.10592, 
