apparent,
0.0, 
0.0, 
0.0, 
0.0, 
0.0, 
0.0, 
0.0, 
0.0, 
0.0, 
0.0, 
0.0, 
0.0, 
0.0, 
0.0, 
0.0, 
0.0, 
0.0, 
1.8431999999999997, 
2.21184, 
4.42368, 
5.529599999999999, 
5.8982399999999995, 
6.26688, 
5.8982399999999995, 
6.26688, 
5.8982399999999995, 
5.8982399999999995, 
6.26688, 
5.8982399999999995, 
5.8982399999999995, 
6.26688, 
6.63552, 
8.47872, 
9.2160, 
9.584639999999998, 
9.584639999999998, 
9.584639999999998, 
9.2160, 
9.584639999999998, 
9.584639999999998, 
9.584639999999998, 
9.584639999999998, 
9.584639999999998, 
9.95328, 
9.584639999999998, 
9.584639999999998, 
9.584639999999998, 
9.584639999999998, 
9.584639999999998, 
9.584639999999998, 
