apparent,
26.91072, 
26.91072, 
26.91072, 
26.54208, 
26.17344, 
26.17344, 
26.17344, 
26.17344, 
26.17344, 
25.804799999999997, 
26.17344, 
25.804799999999997, 
26.17344, 
26.17344, 
26.17344, 
26.17344, 
26.17344, 
26.54208, 
26.17344, 
26.17344, 
26.17344, 
26.17344, 
26.54208, 
26.17344, 
25.804799999999997, 
26.17344, 
25.804799999999997, 
25.804799999999997, 
25.43616, 
25.804799999999997, 
25.804799999999997, 
26.17344, 
21.74976, 
12.53376, 
7.00416, 
3.6863999999999995, 
2.21184, 
1.10592, 
0.7372799999999999, 
0.36863999999999997, 
1.10592, 
0.7372799999999999, 
0.36863999999999997, 
0.7372799999999999, 
0.7372799999999999, 
0.36863999999999997, 
0.0, 
0.0, 
0.0, 
0.0, 
