apparent,
0.0, 
0.0, 
0.0, 
0.0, 
0.0, 
0.0, 
0.0, 
0.0, 
1.10592, 
1.8431999999999997, 
1.10592, 
0.7372799999999999, 
1.10592, 
0.36863999999999997, 
0.7372799999999999, 
0.7372799999999999, 
0.7372799999999999, 
0.0, 
0.7372799999999999, 
0.36863999999999997, 
0.7372799999999999, 
0.36863999999999997, 
2.21184, 
4.05504, 
5.529599999999999, 
5.8982399999999995, 
6.26688, 
6.26688, 
6.26688, 
6.26688, 
5.8982399999999995, 
6.26688, 
5.8982399999999995, 
6.26688, 
6.26688, 
6.63552, 
8.84736, 
9.2160, 
9.584639999999998, 
9.584639999999998, 
9.95328, 
9.95328, 
9.95328, 
9.95328, 
9.584639999999998, 
9.95328, 
9.95328, 
9.584639999999998, 
9.584639999999998, 
9.584639999999998, 
