apparent,
29.491199999999996, 
29.491199999999996, 
26.91072, 
27.27936, 
26.91072, 
26.91072, 
27.27936, 
27.27936, 
27.27936, 
27.27936, 
27.27936, 
27.27936, 
26.91072, 
27.27936, 
27.27936, 
27.27936, 
27.27936, 
27.27936, 
27.27936, 
27.27936, 
27.27936, 
26.91072, 
27.27936, 
26.91072, 
27.27936, 
21.38112, 
12.53376, 
6.63552, 
3.6863999999999995, 
1.8431999999999997, 
1.4745599999999999, 
0.7372799999999999, 
0.0, 
0.7372799999999999, 
1.10592, 
1.10592, 
0.36863999999999997, 
0.7372799999999999, 
0.0, 
0.36863999999999997, 
0.0, 
0.7372799999999999, 
1.10592, 
0.7372799999999999, 
0.7372799999999999, 
0.7372799999999999, 
0.7372799999999999, 
0.7372799999999999, 
0.7372799999999999, 
0.36863999999999997, 
