apparent,
0.0, 
0.0, 
0.0, 
0.0, 
0.0, 
0.0, 
0.0, 
0.0, 
0.0, 
1.4745599999999999, 
0.7372799999999999, 
0.36863999999999997, 
0.36863999999999997, 
0.0, 
0.7372799999999999, 
0.0, 
0.36863999999999997, 
0.36863999999999997, 
2.5804799999999997, 
4.05504, 
5.8982399999999995, 
6.26688, 
6.26688, 
6.26688, 
5.8982399999999995, 
6.26688, 
5.8982399999999995, 
6.26688, 
5.8982399999999995, 
6.26688, 
6.26688, 
6.26688, 
8.11008, 
9.2160, 
9.584639999999998, 
9.584639999999998, 
9.584639999999998, 
9.584639999999998, 
9.95328, 
9.584639999999998, 
9.584639999999998, 
9.584639999999998, 
9.584639999999998, 
9.95328, 
9.584639999999998, 
9.584639999999998, 
9.584639999999998, 
9.584639999999998, 
9.95328, 
9.584639999999998, 
