apparent,
26.54208, 
26.54208, 
26.91072, 
26.91072, 
26.54208, 
26.91072, 
26.54208, 
26.91072, 
27.27936, 
27.27936, 
27.27936, 
27.27936, 
26.91072, 
26.91072, 
27.27936, 
27.27936, 
26.91072, 
27.27936, 
27.27936, 
26.91072, 
27.27936, 
27.27936, 
26.91072, 
27.27936, 
27.27936, 
27.27936, 
27.27936, 
26.54208, 
18.800639999999998, 
10.69056, 
5.160959999999999, 
2.5804799999999997, 
1.8431999999999997, 
1.8431999999999997, 
1.8431999999999997, 
2.21184, 
1.8431999999999997, 
2.21184, 
1.8431999999999997, 
1.10592, 
0.36863999999999997, 
0.7372799999999999, 
1.10592, 
0.7372799999999999, 
0.7372799999999999, 
0.7372799999999999, 
0.7372799999999999, 
0.7372799999999999, 
0.36863999999999997, 
0.7372799999999999, 
