apparent,
0.0, 
0.0, 
0.0, 
0.0, 
0.0, 
0.0, 
0.0, 
0.0, 
0.36863999999999997, 
1.4745599999999999, 
1.4745599999999999, 
1.10592, 
0.36863999999999997, 
0.7372799999999999, 
0.7372799999999999, 
0.7372799999999999, 
0.36863999999999997, 
0.36863999999999997, 
1.4745599999999999, 
2.21184, 
2.9491199999999997, 
5.160959999999999, 
5.529599999999999, 
5.8982399999999995, 
6.26688, 
5.8982399999999995, 
6.26688, 
6.26688, 
5.8982399999999995, 
5.8982399999999995, 
6.26688, 
5.8982399999999995, 
5.8982399999999995, 
6.26688, 
8.11008, 
8.84736, 
9.584639999999998, 
9.584639999999998, 
9.584639999999998, 
9.584639999999998, 
9.584639999999998, 
9.584639999999998, 
9.584639999999998, 
9.584639999999998, 
9.584639999999998, 
9.584639999999998, 
9.584639999999998, 
9.584639999999998, 
9.95328, 
9.584639999999998, 
