apparent,
27.27936, 
27.27936, 
27.27936, 
27.27936, 
27.27936, 
26.91072, 
27.27936, 
27.27936, 
27.27936, 
27.27936, 
27.27936, 
27.27936, 
27.6480, 
27.27936, 
27.27936, 
27.27936, 
27.27936, 
27.27936, 
27.27936, 
27.27936, 
27.6480, 
27.27936, 
26.54208, 
18.800639999999998, 
10.321919999999999, 
5.529599999999999, 
2.9491199999999997, 
1.8431999999999997, 
1.10592, 
0.7372799999999999, 
0.36863999999999997, 
1.4745599999999999, 
1.10592, 
0.7372799999999999, 
0.7372799999999999, 
0.7372799999999999, 
0.7372799999999999, 
1.10592, 
0.7372799999999999, 
0.7372799999999999, 
0.0, 
0.36863999999999997, 
0.36863999999999997, 
0.7372799999999999, 
0.7372799999999999, 
0.36863999999999997, 
0.7372799999999999, 
0.36863999999999997, 
0.0, 
0.36863999999999997, 
