apparent,
0.0, 
0.0, 
2.5804799999999997, 
28.75392, 
32.07168, 
18.06336, 
5.8982399999999995, 
2.5804799999999997, 
1.10592, 
0.36863999999999997, 
0.0, 
0.7372799999999999, 
0.0, 
0.0, 
0.0, 
645.12, 
1597.3171199999997, 
1814.0774399999998, 
1867.1616, 
1855.3651200000002, 
1855.3651200000002, 
1847.62368, 
1848.7296, 
1842.8313600000001, 
1848.7296, 
1839.5135999999998, 
1844.67456, 
1835.8272000000002, 
1853.1532799999998, 
1834.3526399999998, 
1845.4118399999998, 
1829.56032, 
1831.7721599999998, 
1833.9840, 
1828.0857599999997, 
1831.40352, 
1826.6111999999998, 
1831.0348800000002, 
1826.6111999999998, 
1828.82304, 
1824.3993600000001, 
1828.0857599999997, 
1822.18752, 
1821.0816, 
1821.0816, 
1820.3443199999997, 
1820.3443199999997, 
1820.3443199999997, 
1820.7129599999998, 
1819.6070399999999, 
