apparent,
1828.4543999999999, 
1828.4543999999999, 
1808.1791999999998, 
1806.70464, 
1806.3360, 
1806.3360, 
1809.65376, 
1821.8188799999998, 
1824.7680000000003, 
1819.97568, 
1823.6620799999998, 
1819.97568, 
1823.6620799999998, 
1819.2384, 
1823.2934400000001, 
1818.86976, 
1822.5561599999999, 
1818.5011200000001, 
1822.9248, 
1818.13248, 
1821.45024, 
1816.28928, 
1553.0803199999998, 
928.2355199999998, 
502.08768, 
263.94624, 
138.97727999999998, 
72.62208000000001, 
38.338559999999994, 
20.643839999999997, 
11.059199999999999, 
6.63552, 
4.05504, 
2.5804799999999997, 
2.21184, 
2.21184, 
1.8431999999999997, 
1.8431999999999997, 
1.8431999999999997, 
1.8431999999999997, 
1.8431999999999997, 
1.4745599999999999, 
1.4745599999999999, 
1.8431999999999997, 
1.4745599999999999, 
1.4745599999999999, 
1.8431999999999997, 
1.10592, 
1.8431999999999997, 
1.4745599999999999, 
