apparent,
0.0, 
0.0, 
0.0, 
0.0, 
0.0, 
0.0, 
0.7372799999999999, 
2.5804799999999997, 
2.9491199999999997, 
2.21184, 
1.8431999999999997, 
1.8431999999999997, 
1.4745599999999999, 
1.4745599999999999, 
577.2902399999999, 
1549.0252799999998, 
1800.8064000000002, 
1845.78048, 
1845.0432, 
1845.4118399999998, 
1842.09408, 
1839.88224, 
1838.4076799999998, 
1836.1958399999999, 
1834.72128, 
1833.9840, 
1832.50944, 
1833.2467199999999, 
1832.50944, 
1832.1408, 
1829.56032, 
1824.3993600000001, 
1829.56032, 
1829.1916800000001, 
1829.1916800000001, 
1827.71712, 
1826.9798399999997, 
1826.24256, 
1825.50528, 
1825.50528, 
1824.7680000000003, 
1824.3993600000001, 
1824.3993600000001, 
1824.3993600000001, 
1824.3993600000001, 
1822.5561599999999, 
1822.18752, 
1817.3952, 
1821.45024, 
1817.76384, 
