apparent,
1809.2851199999998, 
1809.2851199999998, 
1807.44192, 
1805.59872, 
1804.86144, 
1804.4928, 
1806.70464, 
1818.5011200000001, 
1821.45024, 
1817.02656, 
1821.45024, 
1815.18336, 
1819.2384, 
1815.18336, 
1819.2384, 
1815.5519999999997, 
1818.5011200000001, 
1814.4460799999997, 
1817.76384, 
1812.60288, 
1818.13248, 
1812.97152, 
1817.02656, 
1812.60288, 
1750.30272, 
1189.6012799999999, 
659.12832, 
348.73344000000003, 
183.58272, 
95.8464, 
50.13504, 
26.17344, 
14.00832, 
7.00416, 
4.42368, 
2.21184, 
2.21184, 
1.8431999999999997, 
1.8431999999999997, 
1.4745599999999999, 
1.8431999999999997, 
1.8431999999999997, 
1.8431999999999997, 
1.10592, 
1.8431999999999997, 
1.10592, 
1.10592, 
1.8431999999999997, 
1.8431999999999997, 
1.8431999999999997, 
