apparent,
0.0, 
0.0, 
0.36863999999999997, 
0.0, 
0.0, 
0.0, 
0.36863999999999997, 
2.21184, 
3.31776, 
2.5804799999999997, 
2.21184, 
1.8431999999999997, 
1.8431999999999997, 
1.4745599999999999, 
1.4745599999999999, 
39.07584, 
1086.01344, 
1695.00672, 
1822.18752, 
1846.14912, 
1840.9881599999999, 
1840.6195199999997, 
1832.8780799999997, 
1833.61536, 
1828.0857599999997, 
1831.0348800000002, 
1824.7680000000003, 
1828.4543999999999, 
1823.2934400000001, 
1826.9798399999997, 
1822.5561599999999, 
1824.3993600000001, 
1819.97568, 
1823.6620799999998, 
1818.86976, 
1822.18752, 
1817.02656, 
1821.0816, 
1816.65792, 
1820.7129599999998, 
1816.28928, 
1820.7129599999998, 
1816.28928, 
1819.6070399999999, 
1814.8147199999999, 
1819.2384, 
1815.18336, 
1818.5011200000001, 
1813.3401600000002, 
1818.86976, 
