apparent,
1818.13248, 
1818.13248, 
1808.1791999999998, 
1806.70464, 
1805.59872, 
1804.86144, 
1804.86144, 
1810.0223999999998, 
1825.8739199999998, 
1821.45024, 
1826.9798399999997, 
1816.65792, 
1820.7129599999998, 
1816.28928, 
1819.97568, 
1815.9206399999998, 
1818.86976, 
1815.18336, 
1819.6070399999999, 
1815.5519999999997, 
1819.2384, 
1814.4460799999997, 
1819.2384, 
1815.18336, 
1818.13248, 
1814.4460799999997, 
1819.2384, 
1814.0774399999998, 
1817.02656, 
1792.3276799999999, 
1356.5951999999997, 
773.40672, 
411.77088, 
217.12896, 
113.54112, 
59.71967999999999, 
31.334400000000002, 
16.95744, 
9.2160, 
5.160959999999999, 
2.9491199999999997, 
2.21184, 
2.5804799999999997, 
2.21184, 
2.5804799999999997, 
1.8431999999999997, 
1.4745599999999999, 
1.4745599999999999, 
2.21184, 
1.8431999999999997, 
